{"cameraMode":{"drawMode":0,"name":"Shaded","section":"Shading Mode"},"sceneLighting":true,"audioPlay":false,"sceneViewState":{"m_AlwaysRefresh":false,"showFog":true,"showSkybox":true,"showFlares":true,"showImageEffects":true,"showParticleSystems":true,"showVisualEffectGraphs":true,"m_FxEnabled":true},"in2DMode":false,"pivot":{"x":0.36000001430511477,"y":0.9900000095367432,"z":-0.6100000143051148},"rotation":{"x":0.3171743154525757,"y":-0.1387375295162201,"z":0.046962618827819827,"w":0.9369838237762451},"size":0.8660253882408142,"orthographic":true}